Title,Company,Location,Salary,Posted Date,URL,Dein Job,Dein Profil
Proband:innen fÃ¼r EEG-Studie am UKE gesucht (26â¬),Dein Job,N/A,N/A,N/A,https://www.stellenwerk.de/hamburg/probandinnen-fuer-eeg-studie-am-uke-gesucht-26euro-250404-241034,N/A,N/A
SACHBEARBEITUNG EINKAUF UND BESCHAFFUNG (0136a/24),Dein Job,N/A,N/A,N/A,https://www.stellenwerk.de/hamburg/sachbearbeitung-einkauf-und-beschaffung-0136a24-250404-241053,N/A,N/A
Praktikant Marketing Events und Kooperationen (m/w/d),Dein Job,N/A,N/A,N/A,https://www.stellenwerk.de/hamburg/praktikant-marketing-events-und-kooperationen-mwd-250404-241033,N/A,N/A
Werkstudent m/w/d im Front Office,Dein Job,N/A,N/A,N/A,https://www.stellenwerk.de/hamburg/werkstudent-mwd-im-front-office-250404-241087,N/A,N/A
SEA Manager (m/w/d) / Performance Marketing Manager (m/w/d),Dein Job,N/A,N/A,N/A,https://www.stellenwerk.de/hamburg/sea-manager-mwd-performance-marketing-manager-mwd-250404-241037,N/A,N/A
N/A,Die Career Services der Hamburger Hochschulen,N/A,N/A,N/A,https://www.stellenwerk.de/hamburg/hh-karriereservice,N/A,N/A
Werkstudent Marketing & Communications (m/w/d),Dein Job,N/A,N/A,N/A,https://www.stellenwerk.de/hamburg/werkstudent-marketing-und-communications-mwd-250404-241063,N/A,N/A
Minijob in kleinem ImmobilienbÃ¼ro in Rahlstedt,Dein Job,N/A,N/A,N/A,https://www.stellenwerk.de/hamburg/minijob-in-kleinem-immobilienbuero-in-rahlstedt-250404-241068,N/A,N/A
Werkstudent Prozess- und QualitÃ¤tsmanagement (m/w/d),Dein Job,N/A,N/A,N/A,https://www.stellenwerk.de/hamburg/werkstudent-prozess-und-qualitaetsmanagement-mwd-250404-241039,N/A,N/A
Studentische Aushilfe (m/w/d) im Bereich Immobilien / Projektmanagement,Dein Job,N/A,N/A,N/A,https://www.stellenwerk.de/hamburg/studentische-aushilfe-mwd-im-bereich-immobilien-projektmanagement-250404-241046,N/A,N/A
Events in Hamburg,N/A,N/A,N/A,N/A,https://www.stellenwerk.de/hamburg/events,N/A,N/A
FuÃballfan sucht nettes Pflegepersonal,Dein Job,N/A,N/A,N/A,https://www.stellenwerk.de/hamburg/fussballfan-sucht-nettes-pflegepersonal-250404-241041,N/A,N/A
BÃ¼roleitung (m/w/d) fÃ¼r den Fraktionsvorsitzenden,Dein Job,N/A,N/A,N/A,https://www.stellenwerk.de/hamburg/bueroleitung-mwd-fuer-den-fraktionsvorsitzenden-250403-240991,N/A,N/A
Dringend WE-Betreuung  gesucht - mein Rolli ist elektrisch ;-),Dein Job,N/A,N/A,N/A,https://www.stellenwerk.de/hamburg/dringend-we-betreuung-gesucht-mein-rolli-ist-elektrisch-250404-241017,N/A,N/A
Werkstudent Social Media & Influencer Marketing (m/w/d),Dein Job,N/A,N/A,N/A,https://www.stellenwerk.de/hamburg/werkstudent-social-media-und-influencer-marketing-mwd-250403-241001,N/A,N/A
Versuchsteilnehmer fÃ¼r visuelle Aufmerksamkeitsstudie âNAVIOâ gesucht (nur MÃ¤nner),Dein Job,N/A,N/A,N/A,https://www.stellenwerk.de/hamburg/versuchsteilnehmer-fuer-visuelle-aufmerksamkeitsstudie-navio-gesucht-nur-maenner-250403-240984,N/A,N/A
Werkstudent â Sales Support & Organisation (m/w/d),Dein Job,N/A,N/A,N/A,https://www.stellenwerk.de/hamburg/werkstudent-sales-support-und-organisation-mwd-250403-240928,N/A,N/A
Werkstudent div. Fachrichtungen (m/w/d) in weltweit tÃ¤tigem IngenieurbÃ¼ro,Dein Job,N/A,N/A,N/A,https://www.stellenwerk.de/hamburg/werkstudent-div-fachrichtungen-mwd-in-weltweit-taetigem-ingenieurbuero-250404-241023,N/A,N/A
N/A,Die Career Services der Hamburger Hochschulen,N/A,N/A,N/A,https://www.stellenwerk.de/hamburg/hh-karriereservice,N/A,N/A
Werkstudent (w/m/d) oder Praktikant (w/m/d) Vertriebsassistenz,Dein Job,N/A,N/A,N/A,https://www.stellenwerk.de/hamburg/werkstudent-wmd-oder-praktikant-wmd-vertriebsassistenz-250403-240993,N/A,N/A
Student oder Studentin fÃ¼r Mitarbeit im Architektur-/IngenieurbÃ¼ro,Dein Job,N/A,N/A,N/A,https://www.stellenwerk.de/hamburg/student-oder-studentin-fuer-mitarbeit-im-architektur-ingenieurbuero-250403-240982,N/A,N/A
Werkstudent*in Office Management (10 Wochenstunden),Dein Job,N/A,N/A,N/A,https://www.stellenwerk.de/hamburg/werkstudentin-office-management-10-wochenstunden-250403-240955,N/A,N/A
Junior-Berater:in  (m/w/d) mit Schwerpunkt Datenintegration zum 01.05.2025,Dein Job,N/A,N/A,N/A,https://www.stellenwerk.de/hamburg/junior-beraterin-mwd-mit-schwerpunkt-datenintegration-zum-01052025-250403-240961,N/A,N/A
Events in Hamburg,N/A,N/A,N/A,N/A,https://www.stellenwerk.de/hamburg/events,N/A,N/A
Praktikant Marketing Events/Kooperationen und Online Marketing (m/w/d),Dein Job,N/A,N/A,N/A,https://www.stellenwerk.de/hamburg/praktikant-marketing-eventskooperationen-und-online-marketing-mwd-250403-240949,N/A,N/A
Working Student Talent & Growth,Dein Job,N/A,N/A,N/A,https://www.stellenwerk.de/hamburg/working-student-talent-und-growth-250403-240911,N/A,N/A
Pflegeassistenz / Pflegehelfer/-in,Dein Job,N/A,N/A,N/A,https://www.stellenwerk.de/hamburg/pflegeassistenz-pflegehelfer-in-250403-240907,N/A,N/A
JOB OFFER FOR MALE  STUDENTS / WE ARE LOOKING FOR MALE ASSISTANT,Dein Job,N/A,N/A,N/A,https://www.stellenwerk.de/hamburg/job-offer-for-male-students-we-are-looking-for-male-assistant-250403-240944,N/A,N/A
"Goldfische auf den Schwimmsport vorbereiten! (Ãbungsleiter/in, Trainer/in und/oder Assistents-Trainer/in)",Dein Job,N/A,N/A,N/A,https://www.stellenwerk.de/hamburg/goldfische-auf-den-schwimmsport-vorbereiten-uebungsleiterin-trainerin-undoder-assistents-trainerin-250403-240366,N/A,N/A
N/A,Die Career Services der Hamburger Hochschulen,N/A,N/A,N/A,https://www.stellenwerk.de/hamburg/hh-karriereservice,N/A,N/A
Praktikant Online Marketing (m/w/d),Dein Job,N/A,N/A,N/A,https://www.stellenwerk.de/hamburg/praktikant-online-marketing-mwd-250403-240924,N/A,N/A
Werkstudent (m/w/d) im Supply Chain Management,Dein Job,N/A,N/A,N/A,https://www.stellenwerk.de/hamburg/werkstudent-mwd-im-supply-chain-management-250403-240935,N/A,N/A
Content Creator (m/d/w),Dein Job,N/A,N/A,N/A,https://www.stellenwerk.de/hamburg/content-creator-mdw-250403-240912,N/A,N/A
Events in Hamburg,N/A,N/A,N/A,N/A,https://www.stellenwerk.de/hamburg/events,N/A,N/A
Werkstudent Vertriebsassistenz (m/w/d),Dein Job,N/A,N/A,N/A,https://www.stellenwerk.de/hamburg/werkstudent-vertriebsassistenz-mwd-250403-240948,N/A,N/A
Pflichtpraktikant:in (m/w/d) Kommunikation & Mitgliedermarketing,Dein Job,N/A,N/A,N/A,https://www.stellenwerk.de/hamburg/pflichtpraktikantin-mwd-kommunikation-und-mitgliedermarketing-250403-152960,N/A,N/A
Werde Betreuer*in auf Ferienreisen fÃ¼r Kinder und Jugendliche,Dein Job,N/A,N/A,N/A,https://www.stellenwerk.de/hamburg/werde-betreuerin-auf-ferienreisen-fuer-kinder-und-jugendliche-250403-240904,N/A,N/A
TECHNISCHE*R ANGESTELLTE*R IM TEAM TECHNISCHE PROJEKTE (030/25),Dein Job,N/A,N/A,N/A,https://www.stellenwerk.de/hamburg/technischer-angestellter-im-team-technische-projekte-03025-250403-240920,N/A,N/A
Technology & Operations Graduate,Dein Job,N/A,N/A,N/A,https://www.stellenwerk.de/hamburg/technology-und-operations-graduate-250403-240889,N/A,N/A
Finance Graduate,Dein Job,N/A,N/A,N/A,https://www.stellenwerk.de/hamburg/finance-graduate-250403-240607,N/A,N/A
Architektur Werkstudent*in (m/w/d) gesucht,Dein Job,N/A,N/A,N/A,https://www.stellenwerk.de/hamburg/architektur-werkstudentin-mwd-gesucht-250403-240876,N/A,N/A
N/A,Die Career Services der Hamburger Hochschulen,N/A,N/A,N/A,https://www.stellenwerk.de/hamburg/hh-karriereservice,N/A,N/A
Human Resources Graduate,Dein Job,N/A,N/A,N/A,https://www.stellenwerk.de/hamburg/human-resources-graduate-250403-240894,N/A,N/A
Restaurant Mitarbeiter (m/w/d),Dein Job,N/A,N/A,N/A,https://www.stellenwerk.de/hamburg/restaurant-mitarbeiter-mwd-250403-240871,N/A,N/A
Praktikant (m/w/d) als Grafik- bzw. Kommunikationsdesigner,Dein Job,N/A,N/A,N/A,https://www.stellenwerk.de/hamburg/praktikant-mwd-als-grafik-bzw-kommunikationsdesigner-250403-240895,N/A,N/A
Commercial & Operations Graduate,Dein Job,N/A,N/A,N/A,https://www.stellenwerk.de/hamburg/commercial-und-operations-graduate-250403-240881,N/A,N/A
Events in Hamburg,N/A,N/A,N/A,N/A,https://www.stellenwerk.de/hamburg/events,N/A,N/A
Nachhilfelehrer (m/w/d)  - SchÃ¼lerhilfe Bad Oldesloe,Dein Job,N/A,N/A,N/A,https://www.stellenwerk.de/hamburg/nachhilfelehrer-mwd-schuelerhilfe-bad-oldesloe-250403-240863,N/A,N/A
PÃ¤dagogische FachkrÃ¤fte und AssistenzkrÃ¤fte/ Aushilfen (w/d/m) Sommerferien 2025 fÃ¼r die Ferienhorte SÃ¼d,Dein Job,N/A,N/A,N/A,https://www.stellenwerk.de/hamburg/paedagogische-fachkraefte-und-assistenzkraefte-aushilfen-wdm-sommerferien-2025-fuer-die-ferienhorte-sued-250403-240868,N/A,N/A
Working student Global Marketing Communications B2B (m/f/x),Dein Job,N/A,N/A,N/A,https://www.stellenwerk.de/hamburg/working-student-global-marketing-communications-b2b-mfx-250402-240807,N/A,N/A
Studentische / Wissenschaftliche Hilfskraft Rechtswissenschaften (m/w/d),Dein Job,N/A,N/A,N/A,https://www.stellenwerk.de/hamburg/studentische-wissenschaftliche-hilfskraft-rechtswissenschaften-mwd-250402-240839,N/A,N/A
PersÃ¶nliche Assistenz (m/w/d) fÃ¼r Rollstuhlfahrer (Student) in Hamburg Stellingen gesucht,Dein Job,N/A,N/A,N/A,https://www.stellenwerk.de/hamburg/persoenliche-assistenz-mwd-fuer-rollstuhlfahrer-student-in-hamburg-stellingen-gesucht-250402-240830,N/A,N/A
N/A,Die Career Services der Hamburger Hochschulen,N/A,N/A,N/A,https://www.stellenwerk.de/hamburg/hh-karriereservice,N/A,N/A
HausgerÃ¤tetechniker fÃ¼r Hamburg auch als Intensivausbildung fÃ¼r Quereinsteiger,Dein Job,N/A,N/A,N/A,https://www.stellenwerk.de/hamburg/hausgeraetetechniker-fuer-hamburg-auch-als-intensivausbildung-fuer-quereinsteiger-250402-240813,N/A,N/A
DIVERSITYREFERENT*IN UND INKLUSIONSBEAUFTRAGTE*R (119a/24),Dein Job,N/A,N/A,N/A,https://www.stellenwerk.de/hamburg/diversityreferentin-und-inklusionsbeauftragter-119a24-250402-240817,N/A,N/A
PÃ¤dagogische FachkrÃ¤fte und AssistenzkrÃ¤fte (w/d/m) in den Hamburger Sommerferien 2025 fÃ¼r die Ferienhorte Nord,Dein Job,N/A,N/A,N/A,https://www.stellenwerk.de/hamburg/paedagogische-fachkraefte-und-assistenzkraefte-wdm-in-den-hamburger-sommerferien-2025-fuer-die-ferienhorte-nord-250403-240865,N/A,N/A
Werkstudent Partner Business Development (m/w/d),Dein Job,N/A,N/A,N/A,https://www.stellenwerk.de/hamburg/werkstudent-partner-business-development-mwd-250402-240832,N/A,N/A
Customer Support Agent (m/w/d),Dein Job,N/A,N/A,N/A,https://www.stellenwerk.de/hamburg/customer-support-agent-mwd-250402-240835,N/A,N/A
Personalsachbearbeiter (m/w/d) Entgeltabrechnung,Dein Job,N/A,N/A,N/A,https://www.stellenwerk.de/hamburg/personalsachbearbeiter-mwd-entgeltabrechnung-250402-240816,N/A,N/A
Events in Hamburg,N/A,N/A,N/A,N/A,https://www.stellenwerk.de/hamburg/events,N/A,N/A
